{"cameraMode":{"drawMode":0,"name":"Shaded","section":"Shading Mode"},"sceneLighting":false,"audioPlay":false,"sceneViewState":{"showFog":false,"showMaterialUpdate":false,"showSkybox":false,"showFlares":false,"showImageEffects":false,"showParticleSystems":false},"in2DMode":false,"pivot":{"x":-0.9783157110214233,"y":1.1802027225494385,"z":-16.44035530090332},"rotation":{"x":-0.01814093068242073,"y":-0.23797471821308137,"z":-0.004083515144884586,"w":0.9712337255477905},"size":2.8433032035827638,"orthographic":false}