{"cameraMode":{"drawMode":0,"name":"Shaded","section":"Shading Mode"},"sceneLighting":true,"audioPlay":false,"sceneViewState":{"showFog":false,"showMaterialUpdate":false,"showSkybox":false,"showFlares":false,"showImageEffects":false,"showParticleSystems":false},"in2DMode":false,"pivot":{"x":2.053071975708008,"y":0.6674814224243164,"z":2.724583148956299},"rotation":{"x":0.22322118282318116,"y":0.568394660949707,"z":-0.1658819168806076,"w":0.7748420238494873},"size":3.80184006690979,"orthographic":false}