{"cameraMode":{"drawMode":0,"name":"Shaded","section":"Shading Mode"},"sceneLighting":false,"audioPlay":false,"sceneViewState":{"showFog":false,"showMaterialUpdate":false,"showSkybox":false,"showFlares":false,"showImageEffects":false,"showParticleSystems":false},"in2DMode":false,"pivot":{"x":-0.5412237048149109,"y":0.3474345803260803,"z":1.705751895904541},"rotation":{"x":0.01483224704861641,"y":0.1373451203107834,"z":0.0022337071131914856,"w":-0.9907280206680298},"size":0.7732051014900208,"orthographic":false}