{"cameraMode":{"drawMode":0,"name":"Shaded","section":"Shading Mode"},"sceneLighting":true,"audioPlay":false,"sceneViewState":{"showFog":false,"showMaterialUpdate":false,"showSkybox":false,"showFlares":false,"showImageEffects":false,"showParticleSystems":false},"in2DMode":false,"pivot":{"x":2.5114121437072756,"y":1.1749505996704102,"z":44.162906646728519},"rotation":{"x":0.11312580108642578,"y":-0.5330225825309753,"z":0.07240040600299835,"w":0.8354579210281372},"size":1.3732051849365235,"orthographic":false}