{"cameraMode":{"drawMode":0,"name":"Shaded","section":"Shading Mode"},"sceneLighting":false,"audioPlay":false,"sceneViewState":{"showFog":false,"showMaterialUpdate":false,"showSkybox":false,"showFlares":false,"showImageEffects":false,"showParticleSystems":false},"in2DMode":false,"pivot":{"x":-0.6056111454963684,"y":0.17082247138023377,"z":0.6838377714157105},"rotation":{"x":-0.007738099899142981,"y":-0.16602829098701478,"z":-0.0009653883171267808,"w":0.9862233400344849},"size":3.2835774421691896,"orthographic":false}