{"cameraMode":{"drawMode":0,"name":"Shaded","section":"Shading Mode"},"sceneLighting":true,"audioPlay":false,"sceneViewState":{"showFog":false,"showMaterialUpdate":false,"showSkybox":false,"showFlares":false,"showImageEffects":false,"showParticleSystems":false},"in2DMode":false,"pivot":{"x":-0.4451329708099365,"y":0.34340131282806399,"z":1.347912073135376},"rotation":{"x":0.1874099224805832,"y":-0.26438286900520327,"z":0.05074620246887207,"w":0.9451410174369812},"size":1.8140078783035279,"orthographic":false}