{"cameraMode":{"drawMode":0,"name":"Shaded","section":"Shading Mode"},"sceneLighting":true,"audioPlay":false,"sceneViewState":{"showFog":false,"showMaterialUpdate":false,"showSkybox":false,"showFlares":false,"showImageEffects":false,"showParticleSystems":false},"in2DMode":false,"pivot":{"x":0.6365864872932434,"y":3.421703338623047,"z":0.6097264885902405},"rotation":{"x":0.1318756639957428,"y":0.13464394211769105,"z":-0.018269289284944536,"w":0.9821056127548218},"size":5.517094612121582,"orthographic":false}