{"cameraMode":{"drawMode":0,"name":"Shaded","section":"Shading Mode"},"sceneLighting":true,"audioPlay":false,"sceneViewState":{"showFog":false,"showMaterialUpdate":false,"showSkybox":false,"showFlares":false,"showImageEffects":false,"showParticleSystems":false},"in2DMode":false,"pivot":{"x":2.888549327850342,"y":3.9159488677978517,"z":22.93549919128418},"rotation":{"x":-0.18296557664871217,"y":0.733494222164154,"z":-0.2173384130001068,"w":-0.6177917718887329},"size":1.6713788509368897,"orthographic":false}