{"cameraMode":{"drawMode":0,"name":"Shaded","section":"Shading Mode"},"sceneLighting":false,"audioPlay":false,"sceneViewState":{"showFog":false,"showMaterialUpdate":false,"showSkybox":false,"showFlares":false,"showImageEffects":false,"showParticleSystems":false},"in2DMode":false,"pivot":{"x":0.0,"y":0.006043538451194763,"z":-4.656612873077393e-10},"rotation":{"x":-0.08842511475086212,"y":0.5399670004844666,"z":-0.0568673349916935,"w":-0.8353471159934998},"size":0.009906026534736157,"orthographic":false}