{"cameraMode":{"drawMode":0,"name":"Shaded","section":"Shading Mode"},"sceneLighting":true,"audioPlay":false,"sceneViewState":{"showFog":false,"showMaterialUpdate":false,"showSkybox":false,"showFlares":false,"showImageEffects":false,"showParticleSystems":false},"in2DMode":false,"pivot":{"x":0.9212272763252258,"y":1.0998443365097047,"z":41.838539123535159},"rotation":{"x":-0.07217042148113251,"y":-0.05066223442554474,"z":0.0036132296081632377,"w":-0.9963354468345642},"size":3.2660250663757326,"orthographic":false}