{"cameraMode":{"drawMode":0,"name":"Shaded","section":"Shading Mode"},"sceneLighting":true,"audioPlay":false,"sceneViewState":{"showFog":false,"showMaterialUpdate":false,"showSkybox":false,"showFlares":false,"showImageEffects":false,"showParticleSystems":false},"in2DMode":false,"pivot":{"x":0.22963814437389375,"y":1.4328508377075196,"z":0.3656269311904907},"rotation":{"x":-0.1494000107049942,"y":-0.03181189298629761,"z":0.004782164003700018,"w":-0.9884600043296814},"size":2.571378707885742,"orthographic":false}