{"cameraMode":{"drawMode":0,"name":"Shaded","section":"Shading Mode"},"sceneLighting":false,"audioPlay":false,"sceneViewState":{"showFog":false,"showMaterialUpdate":false,"showSkybox":false,"showFlares":false,"showImageEffects":false,"showParticleSystems":false},"in2DMode":false,"pivot":{"x":-0.28800857067108157,"y":-0.48526275157928469,"z":0.06339474767446518},"rotation":{"x":-0.2935046851634979,"y":0.5214362740516663,"z":-0.1975230723619461,"w":-0.7768442630767822},"size":3.2041006088256838,"orthographic":false}