{"cameraMode":{"drawMode":0,"name":"Shaded","section":"Shading Mode"},"sceneLighting":false,"audioPlay":false,"sceneViewState":{"showFog":false,"showMaterialUpdate":false,"showSkybox":false,"showFlares":false,"showImageEffects":false,"showParticleSystems":false},"in2DMode":false,"pivot":{"x":0.7095133066177368,"y":-138.005126953125,"z":23.295196533203126},"rotation":{"x":0.6443735957145691,"y":0.009467631578445435,"z":-0.007828496396541596,"w":0.764701247215271},"size":74.72716522216797,"orthographic":false}