{"cameraMode":{"drawMode":0,"name":"Shaded","section":"Shading Mode"},"sceneLighting":true,"audioPlay":false,"sceneViewState":{"showFog":false,"showMaterialUpdate":false,"showSkybox":false,"showFlares":false,"showImageEffects":false,"showParticleSystems":false},"in2DMode":false,"pivot":{"x":1.1102185249328614,"y":1.0918259620666505,"z":26.10359764099121},"rotation":{"x":-0.15881209075450898,"y":0.25715410709381106,"z":-0.043275170028209689,"w":-0.9525583386421204},"size":3.611095428466797,"orthographic":false}