{"cameraMode":{"drawMode":0,"name":"Shaded","section":"Shading Mode"},"sceneLighting":true,"audioPlay":false,"sceneViewState":{"showFog":false,"showMaterialUpdate":false,"showSkybox":false,"showFlares":false,"showImageEffects":false,"showParticleSystems":false},"in2DMode":false,"pivot":{"x":-1.1292837858200074,"y":2.838080883026123,"z":0.5834226608276367},"rotation":{"x":-0.180131196975708,"y":-0.036675404757261279,"z":0.006738946307450533,"w":-0.9831607341766357},"size":3.0027425289154054,"orthographic":false}