{"cameraMode":{"drawMode":0,"name":"Shaded","section":"Shading Mode"},"sceneLighting":false,"audioPlay":false,"sceneViewState":{"showFog":false,"showMaterialUpdate":false,"showSkybox":false,"showFlares":false,"showImageEffects":false,"showParticleSystems":false},"in2DMode":false,"pivot":{"x":-0.40830370783805849,"y":0.7788034081459045,"z":-1.2901631593704224},"rotation":{"x":-0.2895495593547821,"y":-0.6102257370948792,"z":0.2550085186958313,"w":-0.6922904849052429},"size":2.0919861793518068,"orthographic":false}