{"cameraMode":{"drawMode":0,"name":"Shaded","section":"Shading Mode"},"sceneLighting":true,"audioPlay":false,"sceneViewState":{"showFog":false,"showMaterialUpdate":false,"showSkybox":false,"showFlares":false,"showImageEffects":false,"showParticleSystems":false},"in2DMode":false,"pivot":{"x":-4.485990524291992,"y":1.7638897895812989,"z":40.65167236328125},"rotation":{"x":0.1462763547897339,"y":-0.7514594793319702,"z":0.1780541092157364,"w":0.6183403730392456},"size":4.485764980316162,"orthographic":false}