{"cameraMode":{"drawMode":0,"name":"Shaded","section":"Shading Mode"},"sceneLighting":true,"audioPlay":false,"sceneViewState":{"showFog":false,"showMaterialUpdate":false,"showSkybox":false,"showFlares":false,"showImageEffects":false,"showParticleSystems":false},"in2DMode":false,"pivot":{"x":0.24843597412109376,"y":2.5913619995117189,"z":49.97087478637695},"rotation":{"x":0.17776715755462647,"y":-0.1873779296875,"z":0.03466455638408661,"w":0.9655164480209351},"size":4.485764980316162,"orthographic":false}