{"cameraMode":{"drawMode":0,"name":"Shaded","section":"Shading Mode"},"sceneLighting":false,"audioPlay":false,"sceneViewState":{"showFog":false,"showMaterialUpdate":false,"showSkybox":false,"showFlares":false,"showImageEffects":false,"showParticleSystems":false},"in2DMode":false,"pivot":{"x":-0.022501230239868165,"y":1.628370761871338,"z":-0.0652928352355957},"rotation":{"x":-0.06539109349250794,"y":0.8501392602920532,"z":-0.10979512333869934,"w":-0.5113579630851746},"size":3.517240524291992,"orthographic":false}