{"cameraMode":{"drawMode":0,"name":"Shaded","section":"Shading Mode"},"sceneLighting":false,"audioPlay":false,"sceneViewState":{"showFog":false,"showMaterialUpdate":false,"showSkybox":false,"showFlares":false,"showImageEffects":false,"showParticleSystems":false},"in2DMode":false,"pivot":{"x":-2.7834746837615969,"y":0.7579033374786377,"z":-1.335567593574524},"rotation":{"x":-0.17215648293495179,"y":0.42380478978157046,"z":-0.08241663128137589,"w":-0.8856284022331238},"size":1.1336475610733033,"orthographic":false}