{"cameraMode":{"drawMode":0,"name":"Shaded","section":"Shading Mode"},"sceneLighting":true,"audioPlay":false,"sceneViewState":{"showFog":false,"showMaterialUpdate":false,"showSkybox":false,"showFlares":false,"showImageEffects":false,"showParticleSystems":false},"in2DMode":false,"pivot":{"x":5.113452911376953,"y":-2.3513848781585695,"z":6.468598365783691},"rotation":{"x":-0.23874184489250184,"y":-0.6860071420669556,"z":0.25684911012649538,"w":-0.6378434300422669},"size":17.006437301635743,"orthographic":false}