{"cameraMode":{"drawMode":0,"name":"Shaded","section":"Shading Mode"},"sceneLighting":true,"audioPlay":false,"sceneViewState":{"showFog":false,"showMaterialUpdate":false,"showSkybox":false,"showFlares":false,"showImageEffects":false,"showParticleSystems":false},"in2DMode":false,"pivot":{"x":1.175459861755371,"y":1.8265647888183594,"z":113.55885314941406},"rotation":{"x":0.2187817245721817,"y":0.7277217507362366,"z":-0.27309155464172366,"w":0.5906904935836792},"size":7.071067810058594,"orthographic":false}