{"cameraMode":{"drawMode":0,"name":"Shaded","section":"Shading Mode"},"sceneLighting":false,"audioPlay":false,"sceneViewState":{"showFog":false,"showMaterialUpdate":false,"showSkybox":false,"showFlares":false,"showImageEffects":false,"showParticleSystems":false},"in2DMode":false,"pivot":{"x":0.16799762845039369,"y":0.2466469556093216,"z":-0.19944024085998536},"rotation":{"x":0.013630709610879422,"y":0.29692980647087099,"z":0.00465374207124114,"w":-0.9550377726554871},"size":0.24494898319244386,"orthographic":false}