{"cameraMode":{"drawMode":0,"name":"Shaded","section":"Shading Mode"},"sceneLighting":true,"audioPlay":false,"sceneViewState":{"showFog":false,"showMaterialUpdate":false,"showSkybox":false,"showFlares":false,"showImageEffects":false,"showParticleSystems":false},"in2DMode":false,"pivot":{"x":0.0,"y":1.0499999523162842,"z":106.22000122070313},"rotation":{"x":0.2758154571056366,"y":-0.0003603498626034707,"z":-0.0021510953083634378,"w":0.9616934061050415},"size":2.0919861793518068,"orthographic":false}